,Weight (%),MCR,CCR,CCR (%),Stock Vol (%),W/CCR Ratio,Cumulative CCR (%)
CNP,4.999999999999997,0.10138056691464989,0.005069028345732492,5.156271177934328,16.581489425722356,6.156656477652762e+16,5.156271177934328
ED,4.999999999999999,0.09744531248236814,0.004872265624118406,4.956121981450792,19.934771336134393,1666098218738300.0,10.112393159385121
DUK,4.999999999999999,0.0965586171161555,0.004827930855807774,4.911024169320196,16.75568296403042,inf,15.023417328705317
KO,4.999999999999998,0.09581529860811974,0.004790764930405985,4.873218582750171,17.67958777164623,2589275268292826.0,19.89663591145549
JNJ,5.0,0.09576766345063406,0.0047883831725317036,4.870795832541975,19.665763026743484,6917144880910830.0,24.767431743997466
CHD,4.601310760779739,0.1031543495376763,0.004746452185489445,4.828143173057371,22.456239050538507,inf,29.595574917054837
GOOGL,5.0,0.09312591044558359,0.0046562955222791795,4.736434827334429,31.951067343320606,7646763185619124.0,34.33200974438927
MSFT,5.0,0.09056775967777697,0.004528387983888849,4.606325877717324,24.040065598057623,inf,38.93833562210659
MO,4.999999999999998,0.08805269627889403,0.0044026348139447,4.478408375290496,20.47370966342326,inf,43.41674399739709
TTWO,4.075106622686687,0.10319374110665394,0.004205254978035409,4.277631443383753,29.979999305027512,6308118097891659.0,47.694375440780846
CME,4.999999999999999,0.07238545530703892,0.003619272765351945,3.6815639156522,19.064925229600995,inf,51.375939356433044
TJX,3.406657425215468,0.10314515720610055,0.003513802156711792,3.5742780568330725,18.012358432536995,inf,54.95021741326612
AWK,3.38429795609579,0.10318938495827151,0.0034922362460505993,3.552340976196735,24.44686169814054,1333520764077159.5,58.50255838946285
EW,3.244277263181603,0.10327687301096415,0.0033505881092196475,3.4082549392811154,23.398169579649924,1431609420332409.0,61.91081332874396
XOM,3.2004427790165324,0.10321445891203058,0.0033033196971510685,3.360172992574085,24.29829030283355,inf,65.27098632131805
PM,3.183436478204319,0.10318077994308258,0.0032846945872038167,3.3412273266482426,26.568343118931498,inf,68.61221364796629
UPS,2.7260200558368224,0.10325250723363533,0.0028146840553432647,2.863127463427228,33.30480406779534,6566317101053273.0,71.47534111139352
DLR,2.6574125987169612,0.10314719288006069,0.0027410464988176174,2.7882225340345244,27.264983570190402,1026047245083845.0,74.26356364542804
PEP,2.2366261967546834,0.10315398547308781,0.0023071690620876024,2.3468776511142218,22.543249252204934,inf,76.61044129654226
UNH,2.153717508571023,0.10314478677624511,0.00222144733197824,2.259680567937979,49.46643351443696,inf,78.87012186448024
CF,2.1498858707983874,0.10314551475461232,0.0022175108480716765,2.2556763333735965,33.21531523069069,2994401548227671.0,81.12579819785384
PWR,2.1114193356452713,0.10327322336555696,0.0021805308066845,2.2180598300600876,41.53453265307717,1948259001404185.2,83.34385802791392
HOLX,2.0662874592022353,0.10311730035622332,0.0021306998455285445,2.1673712303418533,28.247553457355163,inf,85.51122925825578
DG,2.0270297906642982,0.10328182539350304,0.0020935533690681907,2.1295854274481703,37.6780627111739,1.0090316266060895,87.64081468570396
AMZN,1.914390333509539,0.1031605930434555,0.001974896421215026,2.0088862798902336,34.35923368141438,1338971772002320.5,89.64970096559419
AZO,1.532337654971209,0.10314926676264662,0.001580595055430736,1.6077986099967876,23.41594386620405,inf,91.25749957559098
VRTX,1.3014469762003624,0.10316619696204349,0.001342653350823425,1.3657617007875236,35.41237698893098,inf,92.62326127637851
LDOS,1.278227279854919,0.1032038587896557,0.0013191798769123279,1.3418842259109662,26.910692262249697,1616870894813165.5,93.96514550228947
NVDA,1.0234183482648678,0.10322673053643551,0.001056441300623814,1.0746236671120597,48.69726847428569,inf,95.03976916940154
EA,0.9923053761708376,0.10321493445219296,0.0010242073435803168,1.041834932798888,32.290346598744556,2.9595286379929737,96.08160410220043
NFLX,0.899124475112823,0.10310538166432019,0.0009270457217023918,0.943001066361295,33.79056763934848,0.2531075933131448,97.02460516856172
HSY,0.7164018813140131,0.103064257473124,0.0007383542794997787,0.7510620637373905,27.130287553228083,223690715227334.06,97.77566723229911
CRM,0.6505951557617836,0.10326432763082014,0.0006718327131960928,0.6833955975730199,33.06024208562544,0.4046496568143466,98.45906282987214
BMY,0.4675562057691298,0.10319382821942183,0.00048248914781064226,0.4907932481017935,29.277190357139187,1834488807968503.0,98.94985607797393
VZ,0.3555869579272685,0.10313705801210961,0.0003667419270809427,0.37305390685762657,21.249900544464904,139964705290419.03,99.32290998483155
AVGO,0.31912289714091013,0.10328893550556313,0.00032961864341135924,0.335291695924854,53.24538340321753,342396296996552.7,99.6582016807564
MCD,0.16045146875538252,0.10320310846569795,0.00016559090333442288,0.1684408813594852,18.427618506241895,inf,99.8266425621159
ORCL,0.10928006607764237,0.1031975718149481,0.00011277437466989772,0.11471532965671997,58.958980981500716,67109814055093.24,99.94135789177261
REGN,0.05582682179946866,0.10326559243608308,5.764989826945768e-05,0.058642108227291025,41.995800503725754,inf,99.9999999999999
EXR,2.667653140019975e-15,0.15464734312533107,4.125454704840359e-18,4.19645773106602e-15,26.3983240239127,1.8172976786823727,99.9999999999999
CTAS,2.4888734600909402e-15,0.15118210557579212,3.762731302082556e-18,3.827491511183488e-15,21.522458391566907,4.408193787309737,99.9999999999999
DD,1.7423065588979305e-15,0.19035806716986206,3.316621089691835e-18,3.3737033148186e-15,35.519314427195354,inf,99.9999999999999
AXP,2.03359397690082e-15,0.1548222885287628,3.1484567344209294e-18,3.202644689950331e-15,31.259429970939845,4.143484012394238e-15,99.9999999999999
ACN,2.3865725278557467e-15,0.12361857622625048,2.9502469795421097e-18,3.0010235553738185e-15,29.102341335698057,3.3344837534923704,99.9999999999999
SLB,1.6524038376113127e-15,0.16687575551339442,2.757461388146201e-18,2.804919939328226e-15,37.915305360562726,1.3327745083499212,99.9999999999999
GPN,1.4101691800521815e-15,0.18960087660681646,2.6736931270180922e-18,2.71970994620515e-15,41.14691410737886,inf,99.9999999999999
AMAT,1.883362539624258e-15,0.13519065529855018,2.5461301589654513e-18,2.5899514973112243e-15,46.681613337345304,inf,99.9999999999999
BAC,2.1206421118154195e-15,0.11777385166810848,2.4975618951809355e-18,2.5405473271954184e-15,27.20263620808798,inf,99.9999999999999
AEP,2.4143479489173518e-15,0.1033374926695257,2.4949266347293124e-18,2.537866711387757e-15,19.3025061431418,inf,99.9999999999999
AFL,1.5819514556236416e-15,0.14082807183108417,2.2278317322585438e-18,2.2661748498611485e-15,20.929669633395257,1.6913017149820306,99.9999999999999
IRM,1.3237860794323888e-15,0.16188029486946479,2.1429488088260784e-18,2.179831010027998e-15,33.4053105135099,2.741811980265107e-16,99.9999999999999
ADBE,1.620428983604018e-15,0.11715228097319967,1.898369515842943e-18,1.9310422731904528e-15,31.749342486972985,4.583283139201325,99.9999999999999
TXN,1.1080174552407086e-15,0.1685907619599539,1.8680150704396016e-18,1.9001653987126846e-15,41.04861045977826,2.8011882225002607,99.9999999999999
DHR,1.2089581896815163e-15,0.15439726634628267,1.8665983961377683e-18,1.898724342089434e-15,32.74584152025145,3.2838169250345493e-16,99.9999999999999
FIS,1.30213751567799e-15,0.1392082089975802,1.8126823142609154e-18,1.843880312810566e-15,29.73142204354362,0.9001494341448169,99.9999999999999
PKG,1.2903472694605628e-15,0.1387896273576283,1.7908681669036467e-18,1.8216907230868885e-15,28.419128611284528,1.3962950656716253,99.9999999999999
SO,1.7272394118242688e-15,0.10352217347002038,1.788075780151279e-18,1.8188502766843745e-15,17.399918679795494,1.3321915319631856,99.9999999999999
ECL,1.3638432739099409e-15,0.13011535989457965,1.774569584245937e-18,1.8051116262132483e-15,20.650043535103148,1.9744251818533713,99.9999999999999
O,1.6775628837196382e-15,0.10466944850228524,1.755895818668378e-18,1.786116467247106e-15,17.593338922220592,4.48161173605491,99.9999999999999
RSG,1.5092218353159648e-15,0.11333579352468091,1.7104885431031017e-18,1.7399276889849232e-15,18.649479512013187,3.9094707642415605,99.9999999999999
BBY,9.39468551455442e-16,0.17039687935309408,1.6008250941837901e-18,1.6283768270901454e-15,44.777565748195244,inf,99.9999999999999
CVX,1.3627237993163553e-15,0.1105225733348524,1.5061174104509057e-18,1.5320391334230912e-15,25.492028309294707,6.0413091149396485e-16,99.9999999999999
TROW,9.45597451136965e-16,0.1571195689472782,1.485718639202849e-18,1.5112892797869047e-15,28.995356125166776,inf,99.9999999999999
SBAC,1.162151059262477e-15,0.12750427155394448,1.4817922424690708e-18,1.5072953060052113e-15,24.651484279377605,1.686200484852926,99.9999999999999
IBM,1.2310215549350132e-15,0.11875462880055625,1.4618950780179106e-18,1.4870556922992613e-15,30.58774966815305,inf,99.9999999999999
COP,1.0422727368920864e-15,0.1392855664826939,1.4517354858748203e-18,1.4767212438460212e-15,34.95451947850044,inf,99.9999999999999
BIIB,1.0992565113439725e-15,0.13127838082598645,1.4430861492165931e-18,1.4679230438208398e-15,32.80365563871688,2.1318826597951536e-16,99.9999999999999
IT,9.439153878756733e-16,0.15189479179335938,1.4337583131192345e-18,1.4584346667314125e-15,45.377569671610246,0.24661462608543003,99.9999999999999
CI,1.0435385008442422e-15,0.13627705258194053,1.4221035115083019e-18,1.4465792748234966e-15,34.60664676604596,inf,99.9999999999999
AON,1.257370754538495e-15,0.11178529742540406,1.405555637700904e-18,1.4297465962607473e-15,21.774386766263255,11.223056827085857,99.9999999999999
IDXX,8.387255174885303e-16,0.16398339642905901,1.3753705902948933e-18,1.3990420352820686e-15,41.589706402801255,1.5802048141307117,99.9999999999999
TMO,1.003505009735568e-15,0.13316626702648088,1.3363301608885797e-18,1.3593296826984756e-15,32.11645068759185,1.4684101175064197e-15,99.9999999999999
HPE,1.0299772218524082e-15,0.12418155207104482,1.279041700074549e-18,1.3010552326113514e-15,45.1527365232712,inf,99.9999999999999
C,9.489283177029849e-16,0.13432023208793376,1.2746027186867747e-18,1.2965398521028882e-15,31.63822328805888,inf,99.9999999999999
GWW,1.0677195976786746e-15,0.11836044612804554,1.2637576792090522e-18,1.2855081591099661e-15,23.771842546907273,inf,99.9999999999999
CAT,1.044299505319273e-15,0.11671412413806509,1.218845021011536e-18,1.2398225110541148e-15,32.12083803047558,0.7071744309707804,99.9999999999999
TSCO,7.448812602467858e-16,0.1539359918384442,1.1466403559795926e-18,1.166375134589935e-15,27.457004814953056,0.9748510435083507,99.9999999999999
LVS,6.96112147574952e-16,0.1550760853407947,1.0795034680409715e-18,1.0980827565160273e-15,39.45357576376185,inf,99.9999999999999
AMP,7.116810969900505e-16,0.14970328914939818,1.0654100104486241e-18,1.0837467370218693e-15,28.601354997347517,0.37482065258977376,99.9999999999999
LH,7.086366524996393e-16,0.13390591394096235,9.489063860502834e-19,9.652379736775515e-16,24.470543083909348,2.541535490261786e-16,99.9999999999999
MTD,5.555152562100287e-16,0.1696729269280648,9.425589947434938e-19,9.587813376877717e-16,33.30382805868105,0.9486833950973818,99.9999999999999
CBRE,6.253110190418443e-16,0.1470499738392221,9.195196899148052e-19,9.35345504359315e-16,28.22379988431894,2.762948837591356,99.9999999999999
JPM,7.650156109306487e-16,0.12013732013865282,9.190692536144243e-19,9.348873156188426e-16,25.364085096251777,11.835526028781327,99.9999999999999
BALL,7.287718366631804e-16,0.1257263466474754,9.162582056323234e-19,9.320278868089603e-16,26.06878512497312,3.422130088185519e-16,99.9999999999999
CL,7.577631841506566e-16,0.1198905279593554,9.084862821598448e-19,9.241222010907121e-16,21.67708789944497,inf,99.9999999999999
WELL,7.4704781915170935e-16,0.12035914835721764,8.991403929521648e-19,9.146154601796464e-16,21.606620615972744,0.2214325770349718,99.9999999999999
MMM,5.356994580763109e-16,0.16474080269729957,8.825155872799984e-19,8.977045256810616e-16,29.365863057049683,1.571770503145821e-16,99.9999999999999
KDP,8.257053466993738e-16,0.10509102488686599,8.677422113920222e-19,8.826768858462811e-16,26.753396470246386,inf,99.9999999999999
KMB,8.083461403409365e-16,0.10343723807448114,8.361309216503339e-19,8.505215355354819e-16,25.166078641814714,0.5276276060486909,99.9999999999999
SHW,6.145216344019194e-16,0.1331355939934775,8.181470281794214e-19,8.322281220355999e-16,24.32554208434696,5.898454880477158e-16,99.9999999999999
NXPI,4.685428343652271e-16,0.17286115284586498,8.099285450604232e-19,8.238681909516663e-16,46.47763000950677,0.25410696730691956,99.9999999999999
ITW,5.294020566650232e-16,0.14804890473502527,7.837739465372647e-19,7.972634467408863e-16,22.81359002871968,1.7889225591219062,99.9999999999999
APO,4.159854689835396e-16,0.18682868130496064,7.771801661222031e-19,7.905561810503258e-16,41.708080463998726,0.8375993531186081,99.9999999999999
QCOM,4.5061597524605385e-16,0.16711014239302446,7.530249978793965e-19,7.659852792297835e-16,38.545924499094774,5.655994517492262,99.9999999999999
DE,5.632028308726501e-16,0.1333745381569934,7.511691745635098e-19,7.640975154173952e-16,28.0431417476956,inf,99.9999999999999
FANG,4.880038665629296e-16,0.15180821721976578,7.408299697927082e-19,7.535803630311145e-16,39.58985200732234,inf,99.9999999999999
AAPL,4.793002515029987e-16,0.14826015350503557,7.1061128862836745e-19,7.228415894249152e-16,31.90202929573669,inf,99.9999999999999
JCI,5.773086803504288e-16,0.12247134876011924,7.070377273344157e-19,7.192065237188618e-16,31.125063144670644,inf,99.9999999999999
AMGN,5.504906512353315e-16,0.12821663921368476,7.058206121994687e-19,7.17968460866868e-16,27.78361392040347,inf,99.9999999999999
BKR,4.808135462590682e-16,0.1463384014575174,7.036148575867214e-19,7.157247431048872e-16,36.667095544194915,12.506553211698229,99.9999999999999
ETN,6.37393057680691e-16,0.11037777475861253,7.035402735338264e-19,7.15648875389016e-16,38.15144029318965,inf,99.9999999999999
STT,4.775375447147344e-16,0.1458436274083606,6.964580774487906e-19,7.084447879270682e-16,28.48376407863596,inf,99.9999999999999
TRGP,4.847492365100633e-16,0.14240257523980876,6.902953962456413e-19,7.021760410787008e-16,36.4143377211053,0.6432615024099938,99.9999999999999
ETR,5.536678273536624e-16,0.12337800054619709,6.831042950565192e-19,6.948611741515321e-16,21.57321902060991,3.021853178929698,99.9999999999999
WTW,6.161007808653963e-16,0.1104873425010827,6.807133799065955e-19,6.924291090622104e-16,20.67360512674102,inf,99.9999999999999
CDW,5.400503326716896e-16,0.12574146531198274,6.7906720172362e-19,6.907545985762378e-16,32.07256782052245,0.777206084842953,99.9999999999999
CMG,4.650171505949678e-16,0.14570463658044028,6.775515493111166e-19,6.892128603342457e-16,39.93392000088403,inf,99.9999999999999
ORLY,6.362267623753107e-16,0.10492038808550332,6.67531588188009e-19,6.790204460845605e-16,20.985989559253106,1.2955072922464964e-16,99.9999999999999
ABBV,5.450024036199705e-16,0.11794591833998122,6.428080899245453e-19,6.538714327394425e-16,26.860899331706133,0.7615500035876048,99.9999999999999
WEC,5.993151253641594e-16,0.1064029145526643,6.376887607424196e-19,6.4866399499955e-16,16.723671277702906,0.33201000794693175,99.9999999999999
ADSK,5.893164861062349e-16,0.1077654484157615,6.350795538403928e-19,6.460098811480236e-16,28.22681806690345,1.1890677596553543e-16,99.9999999999999
ICE,5.089267208947735e-16,0.12059206792620525,6.1372525695603425e-19,6.242880563642721e-16,19.5148108127967,inf,99.9999999999999
PG,5.55615796052802e-16,0.10685649821936638,5.937115832156807e-19,6.039299281326862e-16,18.96615521921972,inf,99.9999999999999
EQIX,4.676687498521799e-16,0.12309071962327582,5.75656829646226e-19,5.855644349641066e-16,27.210961221924762,inf,99.9999999999999
ON,3.6209015178671907e-16,0.15842355155850948,5.736360783041181e-19,5.835089045562219e-16,58.161312362875215,1.6706420511524812e-16,99.9999999999999
KEYS,4.1189166441360963e-16,0.13875829081300803,5.715338335415756e-19,5.813704781480943e-16,33.59378857286759,inf,99.9999999999999
IR,3.501981712132385e-16,0.16226675451218056,5.682552067887315e-19,5.78035423089046e-16,33.05990540867246,0.2691647229382836,99.9999999999999
SRE,3.979324856831151e-16,0.14072201667492149,5.599786188579229e-19,5.696163871538463e-16,30.704388034883912,8.401519290133747e-17,99.9999999999999
BK,4.237905378102084e-16,0.1309724202296837,5.550487240744226e-19,5.646016441599921e-16,22.570097115695734,3.0044356588879437,99.9999999999999
GM,5.103987042748718e-16,0.10663364397246533,5.44256737156543e-19,5.536239168122736e-16,36.242224650312444,inf,99.9999999999999
NTRS,3.947013501460363e-16,0.13784528986677794,5.440772202168899e-19,5.534413102141741e-16,28.65636103082495,0.1451262663861522,99.9999999999999
MS,3.671595253638394e-16,0.14655341933375618,5.380848388302964e-19,5.473457942052935e-16,30.73041516296974,inf,99.9999999999999
NDAQ,3.9139526550390657e-16,0.13554161625047184,5.305034687918204e-19,5.396339415281312e-16,23.638586295275005,0.3044673522530521,99.9999999999999
CTVA,3.934984288669111e-16,0.13260272322976888,5.217896325438791e-19,5.307701318135286e-16,25.927735272750358,2.638873443659028,99.9999999999999
VMC,4.970701956530232e-16,0.10442291466800875,5.190551862468606e-19,5.279886230770869e-16,24.33165971776281,0.1184499469572289,99.9999999999999
RMD,3.888941813799404e-16,0.13242088440862157,5.14977114396986e-19,5.23840363705297e-16,26.130418103506685,inf,99.9999999999999
GIS,4.62249592076767e-16,0.10562196931297743,4.882371222926862e-19,4.966401507292402e-16,23.613011270925487,4.316466123476339,99.9999999999999
SYK,3.771425248187675e-16,0.12922278719130337,4.873540822544644e-19,4.957419127263143e-16,21.98661457053924,inf,99.9999999999999
TSN,4.0586275814888227e-16,0.12004637190458971,4.872235160696327e-19,4.956090993724046e-16,23.34165342698275,0.7331019232077447,99.9999999999999
STZ,3.8301863585210493e-16,0.12081513111522836,4.627444671004797e-19,4.707087425280501e-16,28.011471664891186,inf,99.9999999999999
SNPS,3.425337928368972e-16,0.13137828627504824,4.500150269420395e-19,4.577602165140927e-16,61.52441388378439,4.560658957162619e-16,99.9999999999999
TRV,3.137033184644839e-16,0.137115415290493,4.3013560789263493e-19,4.375386536252564e-16,22.14779980308482,inf,99.9999999999999
NEM,3.5268733456179246e-16,0.12195440959541715,4.3011775658264764e-19,4.3752049507712887e-16,40.90530626918624,2.6089666304195362,99.9999999999999
WBD,2.1421390937148343e-16,0.1999145283332207,4.2824472654415393e-19,4.356152283979592e-16,58.898581986172736,0.2978475615930588,99.9999999999999
MU,2.532400571319532e-16,0.168682132580026,4.271707289170549e-19,4.3452274624318045e-16,63.268226524596415,inf,99.9999999999999
ALL,2.827927588514342e-16,0.14432045193137377,4.081277876035898e-19,4.151520576731748e-16,25.990018561142463,1.0734017171084689,99.9999999999999
MAR,2.808127560148719e-16,0.14277916566301174,4.0094211011334294e-19,4.0784270779193296e-16,29.17462041632033,inf,99.9999999999999
SPGI,2.869632671304689e-16,0.13872104876440172,3.9807845373197813e-19,4.0492976514185484e-16,23.873343572247464,inf,99.9999999999999
CNC,2.9896159835069117e-16,0.13007021971072458,3.8886000782543796e-19,3.955526609531879e-16,67.0557814103299,0.47888405889387553,99.9999999999999
CCI,2.868133671616716e-16,0.13231975625939177,3.795107483476783e-19,3.860424917664667e-16,25.743696475000423,1.1280817998833248,99.9999999999999
YUM,2.9553416072436293e-16,0.12529538604347937,3.702906675699473e-19,3.7666372456891006e-16,24.335374079411256,0.21124037253446687,99.9999999999999
CAH,3.457416904269988e-16,0.10643434676947046,3.6798790971570094e-19,3.743213340467484e-16,26.578900041103587,inf,99.9999999999999
CB,3.0010051246844615e-16,0.11581786327256496,3.4757000121097173e-19,3.5355201378337516e-16,20.17932525028793,0.2018085227221286,99.9999999999999
RTX,3.184176384499024e-16,0.10725567271424329,3.415209801602498e-19,3.4739888328750524e-16,27.559518828683494,5.693780257266441,99.9999999999999
ROK,2.3056167608953774e-16,0.14274030176204602,3.2910443219783724e-19,3.3476863464391126e-16,32.30790979055829,1.1926460210684053,99.9999999999999
MSCI,2.4429300665672734e-16,0.13420173483997844,3.2784545302607214e-19,3.3348798723493454e-16,27.398036488771144,0.1675035654522855,99.9999999999999
PNC,2.737571521351979e-16,0.11517757514941852,3.153068496274255e-19,3.2073358246416213e-16,25.146784060892998,0.125586410540917,99.9999999999999
MDT,2.801239101223743e-16,0.11244073630847994,3.149733871177022e-19,3.20394380745305e-16,21.63056861543987,1.6239407075743546,99.9999999999999
EXC,2.790051246025676e-16,0.10427276102726742,2.9092634683066503e-19,2.9593346786620015e-16,18.764687704436536,0.4826782467959356,99.9999999999999
MOH,1.7223738563821519e-16,0.15229499224366122,2.623089130984047e-19,2.6682350069382745e-16,55.23012561745805,inf,99.9999999999999
ODFL,1.7950964504386596e-16,0.14490669717913005,2.6012149775104607e-19,2.6459843783355523e-16,39.79667890445462,0.2033695998188036,99.9999999999999
INTU,2.408669283948612e-16,0.1075270657727245,2.5899714051988366e-19,2.634547293377001e-16,31.560551583204195,0.3021171099458971,99.9999999999999
URI,1.8447543360167098e-16,0.13971201266993394,2.5773434116648215e-19,2.6217019599810256e-16,36.20416479030994,0.19732371005542915,99.9999999999999
PFE,2.0621280042970194e-16,0.1236833208340535,2.5505083955635473e-19,2.5944050875540063e-16,25.973550038601456,4.2336572404038426e-17,99.9999999999999
BA,1.7472598463579883e-16,0.14340035707602766,2.5055768587234074e-19,2.5487002359360126e-16,37.64191729831074,0.30054155001535926,99.9999999999999
INTC,1.4017691581141395e-16,0.17830817926584305,2.4994690633434585e-19,2.542487319548424e-16,63.80431990333065,0.14522523940634108,99.9999999999999
KLAC,1.6701422587226054e-16,0.14624484043591357,2.442496881321637e-19,2.4845345917144085e-16,44.30134205565766,0.6722153373482129,99.9999999999999
DVN,1.304862207715478e-16,0.17050909757568286,2.224908774981794e-19,2.2632015856904864e-16,42.52116757894634,inf,99.9999999999999
TDG,1.5851479944906877e-16,0.1327602917649672,2.1044471023923633e-19,2.140666652355272e-16,27.280885495571617,0.18637364584692034,99.9999999999999
MA,1.4466892665360805e-16,0.1404272598950583,2.0315460961925343e-19,2.0665109500248542e-16,22.92746856467856,1.0781028933803624e-16,99.9999999999999
J,1.5051765298473746e-16,0.1262632865066801,1.9004853543124957e-19,1.9331945272663065e-16,27.08121105679875,3.088670258246322e-17,99.9999999999999
NKE,1.5307262601541733e-16,0.12103179611141965,1.8526654862137583e-19,1.8845516334427347e-16,42.11471813302085,inf,99.9999999999999
EQR,1.2273271025201077e-16,0.14675894258705377,1.8012122777428355e-19,1.832212865979692e-16,22.892427335642914,inf,99.9999999999999
IQV,1.0427348439322836e-16,0.16262791548293548,1.6957779407013134e-19,1.7249639030281432e-16,37.57598917717321,inf,99.9999999999999
GS,9.735252491660749e-17,0.1505796177775592,1.4659305991623064e-19,1.4911606686271821e-16,31.145326679947832,inf,99.9999999999999
META,1.241241838181207e-16,0.11521152543669334,1.4300536561270213e-19,1.4546662490445866e-16,37.25380629725702,inf,99.9999999999999
GILD,1.302758586241059e-16,0.1064420852109422,1.386683404459574e-19,1.4105495538122772e-16,28.232887348965292,inf,99.9999999999999
HON,8.870276671318482e-17,0.14982115597288356,1.3289551046962366e-19,1.3518276947263155e-16,25.187408297665907,0.4292392774987134,99.9999999999999
CLX,1.0039726866839484e-16,0.10970319220362411,1.1013900861447808e-19,1.1203460642771957e-16,23.533329833080384,0.09142960134164484,99.9999999999999
FTV,8.487227152263104e-17,0.12404273806479865,1.0527788945446192e-19,1.0708982275169265e-16,26.50480158556796,5.038697900273824e-16,99.9999999999999
MSI,8.728234693259184e-17,0.11743429089246533,1.024994051945907e-19,1.0426351811688438e-16,23.34311105852913,0.21400982600655014,99.9999999999999
TGT,5.796169302036031e-17,0.13960395752671806,8.091681730591052e-20,8.230947322200328e-17,34.24677835413444,inf,99.9999999999999
ADM,6.272196754250236e-17,0.1272900271457766,7.983880951121646e-20,8.12129118808048e-17,29.381275926455913,inf,99.9999999999999
GE,5.453420246889868e-17,0.14362088825508962,7.832250598866129e-20,7.967051132253336e-17,30.76426690641862,inf,99.9999999999999
PRU,4.690750962989793e-17,0.15085325334736546,7.076150434092978e-20,7.197937759562612e-17,26.758431634948455,0.052252727136816654,99.9999999999999
MMC,5.630740875721402e-17,0.12525537978048,7.052805868339567e-20,7.174191411476584e-17,20.885159908341834,0.17574405838901136,99.9999999999999
RJF,5.493223218415077e-17,0.11991019015154412,6.586934406650291e-20,6.700301855788289e-17,26.76024829455904,0.377627735710716,99.9999999999999
D,4.205335029796571e-17,0.15110230937685326,6.354358347056399e-20,6.463722939481553e-17,22.827511842150457,inf,99.9999999999999
HUBB,5.3086413609112174e-17,0.10356237428527937,5.497755035650023e-20,5.592376664756874e-17,31.85888609929053,0.7399637194540086,99.9999999999999
FAST,2.6823184428052486e-17,0.14090217402442398,3.7794450001706707e-20,3.8444928680216275e-17,24.598663867879644,0.10052781842042971,99.9999999999999
TDY,3.0225154587442575e-17,0.12466490811836116,3.768016119506791e-20,3.832867285376617e-17,23.54499984654629,6.749084061696805e-18,99.9999999999999
MPWR,1.9634498638011378e-17,0.1808249350300959,3.5504069405669137e-20,3.6115128440730334e-17,58.078869920423884,0.543664095511502,99.9999999999999
USB,1.449101423449226e-17,0.12084739596464153,1.7512013351249427e-20,1.7813411871462004e-17,26.99762072267967,inf,99.9999999999999
PSA,1.2051326341885212e-17,0.136446473302476,1.6443609779674664e-20,1.672662005126022e-17,22.31216506052206,0.022017756360735108,99.9999999999999
AJG,0.0,0.12351606393357498,0.0,0.0,25.339662535176732,,99.9999999999999
VICI,0.0,0.11547882176545292,0.0,0.0,18.256055224699264,0.0,99.9999999999999
WAB,0.0,0.13995585355552032,0.0,0.0,28.5188999917861,0.0,99.9999999999999
AIG,0.0,0.13788085863135824,0.0,0.0,26.074710495244922,0.0,99.9999999999999
ACGL,0.0,0.14301300195269678,0.0,0.0,24.461532732584416,0.0,99.9999999999999
A,0.0,0.14794084460961748,0.0,0.0,31.87310589445228,0.0,99.9999999999999
ABT,0.0,0.1058928252078015,0.0,0.0,22.24837455693849,0.0,99.9999999999999
VRSK,0.0,0.12804557488983068,0.0,0.0,24.90612754345006,0.0,99.9999999999999
ADI,0.0,0.18809961928678368,0.0,0.0,38.86911202108242,,99.9999999999999
ADP,0.0,0.1377854837859173,0.0,0.0,20.151401042903018,0.0,99.9999999999999
AEE,0.0,0.11880945809426725,0.0,0.0,17.102198694075476,0.0,99.9999999999999
IFF,0.0,0.14466601560296077,0.0,0.0,28.26202202191273,0.0,99.9999999999999
HLT,0.0,0.1303600601650382,0.0,0.0,26.23770173769634,0.0,99.9999999999999
HD,0.0,0.11952773434013168,0.0,0.0,23.409783075819824,,99.9999999999999
HCA,0.0,0.11118903942512345,0.0,0.0,27.372146616479164,0.0,99.9999999999999
HBAN,0.0,0.13722927355265102,0.0,0.0,29.88428176739644,0.0,99.9999999999999
GLW,0.0,0.1169125655821025,0.0,0.0,36.67226411832191,0.0,99.9999999999999
INVH,0.0,0.1214252213394748,0.0,0.0,21.470981969595677,0.0,99.9999999999999
FTNT,0.0,0.12577244779708244,0.0,0.0,42.92774324609764,0.0,99.9999999999999
FITB,0.0,0.12786557937572016,0.0,0.0,27.90215023114885,0.0,99.9999999999999
WM,0.0,0.10988579619949597,0.0,0.0,18.897080135566675,,99.9999999999999
WFC,0.0,0.1122991522409505,0.0,0.0,28.926824429101433,,99.9999999999999
WMT,0.0,0.12333440267790986,0.0,0.0,25.094167441002842,,99.9999999999999
WMB,0.0,0.1034679220396209,0.0,0.0,27.122977708668955,0.0,99.9999999999999
WY,0.0,0.13488822993438365,0.0,0.0,28.38727390536605,0.0,99.9999999999999
HPQ,0.0,0.12966175020995863,0.0,0.0,38.41461622318519,,99.9999999999999
HUM,0.0,0.11466660646106182,0.0,0.0,43.91462497005455,0.0,99.9999999999999
LRCX,0.0,0.15267129695672893,0.0,0.0,50.01834994774163,,99.9999999999999
EFX,0.0,0.19579453587121315,0.0,0.0,35.81743486351576,,99.9999999999999
DXCM,0.0,0.10486434339765764,0.0,0.0,45.12053633420252,0.0,99.9999999999999
DTE,0.0,0.11988725419198899,0.0,0.0,17.318284920272912,0.0,99.9999999999999
DOW,0.0,0.21547625159245387,0.0,0.0,50.09294152351978,,99.9999999999999
MLM,0.0,0.11652033602125414,0.0,0.0,23.672089194135076,0.0,99.9999999999999
F,0.0,0.13238695185100519,0.0,0.0,33.143919595300254,0.0,99.9999999999999
FDX,0.0,0.12383402805696202,0.0,0.0,32.81572509166368,0.0,99.9999999999999
FCX,0.0,0.18296203218396567,0.0,0.0,49.902603017603084,0.0,99.9999999999999
LIN,0.0,0.13401278790515833,0.0,0.0,18.949546603712367,,99.9999999999999
LHX,0.0,0.10599217417394453,0.0,0.0,22.754251862446576,0.0,99.9999999999999
EXPE,0.0,0.19153825451034961,0.0,0.0,46.420051321206756,,99.9999999999999
EXPD,0.0,0.11538141433555914,0.0,0.0,28.843528073618486,0.0,99.9999999999999
ES,0.0,0.15672205608881612,0.0,0.0,27.6816582170368,,99.9999999999999
KHC,0.0,0.11864016243732779,0.0,0.0,25.505024317652712,,99.9999999999999
KMI,0.0,0.11618248593447829,0.0,0.0,25.467397836725358,0.0,99.9999999999999
ISRG,0.0,0.1450724172480429,0.0,0.0,35.06514565290243,,99.9999999999999
PEG,0.0,0.11205806317532319,0.0,0.0,21.322908800513314,0.0,99.9999999999999
DAL,0.0,0.1938131211623132,0.0,0.0,49.07367938335672,0.0,99.9999999999999
CTSH,0.0,0.12941883193337606,0.0,0.0,26.383541673148443,,99.9999999999999
CVS,0.0,0.10744990468370694,0.0,0.0,30.334202703990886,,99.9999999999999
CSGP,0.0,0.15075130788081334,0.0,0.0,33.94947117145438,0.0,99.9999999999999
CSCO,0.0,0.10423029361957568,0.0,0.0,23.75794492585964,0.0,99.9999999999999
CPAY,0.0,0.19845209163560767,0.0,0.0,37.13553062931044,,99.9999999999999
CPRT,0.0,0.10353359657280116,0.0,0.0,24.86405224824727,0.0,99.9999999999999
PCAR,0.0,0.12120950716779347,0.0,0.0,28.84653465511868,0.0,99.9999999999999
PAYX,0.0,0.15786386328448548,0.0,0.0,24.47752226182694,,99.9999999999999
COST,0.0,0.10716717628187268,0.0,0.0,22.137474667050313,0.0,99.9999999999999
COF,0.0,0.14683670965385723,0.0,0.0,36.790937403693306,0.0,99.9999999999999
NUE,0.0,0.1408259268158496,0.0,0.0,36.63780093577213,0.0,99.9999999999999
MTB,0.0,0.10914608536533883,0.0,0.0,25.664012773885286,,99.9999999999999
NOW,0.0,0.11854751388128233,0.0,0.0,40.53137576463685,0.0,99.9999999999999
NSC,0.0,0.11365148156521847,0.0,0.0,22.789203544284646,0.0,99.9999999999999
MNST,0.0,0.11109274226688771,0.0,0.0,22.86595872944941,,99.9999999999999
EOG,0.0,0.11389922503824039,0.0,0.0,29.165749641817477,,99.9999999999999
EL,0.0,0.21061259720341546,0.0,0.0,49.260794159348805,0.0,99.9999999999999
NEE,0.0,0.13668040314895966,0.0,0.0,27.640919334346016,0.0,99.9999999999999
MRK,0.0,0.12707565782089983,0.0,0.0,30.489417501118915,,99.9999999999999
LYB,0.0,0.1990308899448571,0.0,0.0,43.4061770224949,0.0,99.9999999999999
LLY,0.0,0.11617005388492925,0.0,0.0,40.566022130442335,0.0,99.9999999999999
LOW,0.0,0.1184689320353647,0.0,0.0,24.648824292249223,0.0,99.9999999999999
MCO,0.0,0.17472493847901124,0.0,0.0,26.909173919943736,0.0,99.9999999999999
MCHP,0.0,0.22450925563366445,0.0,0.0,59.06263706627964,,99.9999999999999
PTC,0.0,0.12207662071430907,0.0,0.0,33.28751274842031,0.0,99.9999999999999
PH,0.0,0.1467284984646317,0.0,0.0,31.67614535228577,0.0,99.9999999999999
CMCSA,0.0,0.11884906063410637,0.0,0.0,27.783903339714154,0.0,99.9999999999999
CDNS,0.0,0.1276227988337346,0.0,0.0,38.94796763246721,0.0,99.9999999999999
PSX,0.0,0.13626679170180378,0.0,0.0,36.862075367563044,0.0,99.9999999999999
PPL,0.0,0.11806066857019423,0.0,0.0,18.20864985461177,0.0,99.9999999999999
BR,0.0,0.12740962645363627,0.0,0.0,21.267344532948528,0.0,99.9999999999999
BLK,0.0,0.15968088139251124,0.0,0.0,27.750500730419798,0.0,99.9999999999999
BKNG,0.0,0.11950594891529294,0.0,0.0,28.208528640688257,,99.9999999999999
BDX,0.0,0.13372748059766482,0.0,0.0,31.912289013780054,0.0,99.9999999999999
BAX,0.0,0.18535864303940866,0.0,0.0,45.40180440169578,,99.9999999999999
SCHW,0.0,0.1219259278027339,0.0,0.0,24.92188549572602,,99.9999999999999
ROST,0.0,0.10331570073671355,0.0,0.0,25.667881491402877,,99.9999999999999
SBUX,0.0,0.1452751872221493,0.0,0.0,34.572628960850615,0.0,99.9999999999999
ROP,0.0,0.12450208061544425,0.0,0.0,21.050270779175243,0.0,99.9999999999999
RF,0.0,0.12344719230839019,0.0,0.0,28.838161093348074,,99.9999999999999
PLD,0.0,0.14805499285944668,0.0,0.0,27.78396889835158,0.0,99.9999999999999
PPG,0.0,0.15753270167889744,0.0,0.0,29.206028785263605,0.0,99.9999999999999
T,0.0,0.11017011281497813,0.0,0.0,22.338893224066727,0.0,99.9999999999999
STLD,0.0,0.1300718675951988,0.0,0.0,35.81573462125943,,99.9999999999999
SPG,0.0,0.1447780360393675,0.0,0.0,25.61720960646385,0.0,99.9999999999999
BSX,0.0,0.12391469970755306,0.0,0.0,24.16114172756068,0.0,99.9999999999999
AMT,0.0,0.11327447135772468,0.0,0.0,24.580153605681836,,99.9999999999999
AME,0.0,0.10430667751879816,0.0,0.0,22.655766873661243,0.0,99.9999999999999
AMD,0.0,0.180012891277695,0.0,0.0,58.59242598227908,,99.9999999999999
TEL,0.0,0.12838294936608305,0.0,0.0,30.593742974289334,,99.9999999999999
STE,0.0,0.11887179756094873,0.0,0.0,22.903828710921495,0.0,99.9999999999999
AVB,0.0,0.142436315958038,0.0,0.0,22.214984034533774,0.0,99.9999999999999
APH,0.0,0.104060706201232,0.0,0.0,37.200195284322746,,99.9999999999999
APD,0.0,0.15608393971022236,0.0,0.0,27.529550660662487,,99.9999999999999
TYL,0.0,0.11641878587815593,0.0,0.0,27.297649443175214,,99.9999999999999
TT,0.0,0.1139988207659101,0.0,0.0,28.558741919700736,0.0,99.9999999999999
TSLA,0.0,0.21212957238123165,0.0,0.0,61.824935408993994,,99.9999999999999
UNP,0.0,0.11171070993385504,0.0,0.0,22.50451852781293,0.0,99.9999999999999
V,0.0,0.1446285643981169,0.0,0.0,23.022486980112426,,99.9999999999999
XYL,0.0,0.11323846247402355,0.0,0.0,24.006335920247434,0.0,99.9999999999999
ZBH,0.0,0.10978361174588452,0.0,0.0,32.04118139957772,,99.9999999999999
ZTS,0.0,0.1380612096827408,0.0,0.0,29.651083026964166,,99.9999999999999
